City,Region,Month,Year,Rainfall(mm),temp_min (⁰C),temp_max (⁰C),humidity_min (%),Humidity_max (%),wind_speed_min (Kmph),wind_speed_max (Kmph),Heat Index(max),Heat index(min),Heat index(mean),Heat  Wave
Nizamabad,Plain,January,2019,0.06695515342,15.04099135,30.41038552,35.25483871,89.70574351,0.0423288749,6.079779701,43.76613361,27.41460428,35.59036894,0
Nizamabad,Plain,February,2019,0.08475609756,18.43649826,33.7021777,31.71637631,83.02073171,0.02961672474,6.087020906,54.20008354,25.01751591,39.60879972,0
Nizamabad,Plain,March,2019,0.004405979544,21.7281668,37.11974823,25.58977183,71.53398899,0.06105428796,6.744610543,61.57339404,24.20727217,42.8903331,1
Khammam,Hilly,January,2019,1.086048387,17.49991935,31.44217742,47.64354839,95.75991935,0.01143099069,5.429127858,49.16094777,26.34094592,37.75094685,1
Khammam,Hilly,February,2019,0.004285714286,20.79848214,33.943125,45.07776786,94.86232143,0.03950504125,6.499541705,63.28045012,25.10227913,44.19136463,1
Khammam,Hilly,March,2019,0.2471774194,22.72758065,36.65669355,40.83290323,94.34048387,0.04549214227,7.176509512,78.69359758,24.99108646,51.84234202,1
Karimnagar,Plain,January,2019,1.465232975,15.55101553,29.96810036,40.65770609,93.86798088,0.0468339307,6.988291517,41.94444832,27.62817537,34.78631184,0
Karimnagar,Plain,February,2019,0.0928665786,19.32047556,33.0332893,41.38863937,90.1989432,0.06367239102,7.727212682,55.80216529,25.45137645,40.62677087,1
Karimnagar,Plain,March,2019,0.06866028708,21.93648325,36.10430622,34.10681818,82.19808612,0.1924641148,8.979066986,65.66824622,24.80634534,45.23729578,1
Nizamabad,Plain,April,2019,0.07772357724,25.62170732,40.76382114,19.82886179,60.02203252,0.0543902439,8.589756098,67.82897614,25.27616066,46.5525684,1
Nizamabad,Plain,May,2019,0.09402515723,28.54779874,42.86014151,14.19284591,42.27845912,0.09481132075,9.763443396,60.10940836,27.04084834,43.57512835,1
Nizamabad,Plain,June,2019,3.372497123,27.62197929,38.93291139,33.81979287,70.36271577,0.7735327963,10.90563867,65.73740844,26.31691366,46.02716105,1
Khammam,Hilly,April,2019,0.341,25.19083333,39.67575,30.9065,89.72175,0.08786324786,8.33,93.62853269,25.43987752,59.53420511,1
Khammam,Hilly,May,2019,1.072177419,28.24435484,41.98596774,30.80725806,84.8675,0.1793046358,9.425662252,102.1313604,27.10587309,64.61861674,1
Khammam,Hilly,June,2019,1.451746032,28.90333333,39.44333333,41.41301587,79.52428571,0.5392344498,12.99920255,80.04791526,28.23150551,54.13971039,1
Karimnagar,Plain,April,2019,0.3086419753,24.8662963,39.95901235,25.93691358,74.17506173,0.1395061728,10.26592593,78.18050038,25.13909427,51.65979733,1
Karimnagar,Plain,May,2019,0.2040621266,28.93333333,42.85686977,18.28876941,59.83679809,0.1406212664,11.12783751,77.41483495,27.37250665,52.3936708,1
Karimnagar,Plain,June,2019,2.859375,28.21020833,39.134375,36.19020833,73.88875,0.719375,16.08625,71.74114229,26.92832591,49.3347341,1
Nizamabad,Plain,July,2019,9.873859844,24.7134594,32.66607341,62.71468298,91.05695217,0.827919911,9.989321468,41.71042291,20.90498391,31.30770341,0
Nizamabad,Plain,August,2019,10.70500556,23.96885428,30.74249166,76.256396,96.13715239,0.6402669633,8.615239155,33.81777807,17.64407472,25.73092639,0
Nizamabad,Plain,September,2019,12.76004756,23.3569996,30.80935196,77.4842826,97.16635355,0.1929845422,6.510225922,30.81063241,15.49371552,23.15217396,0
Khammam,Hilly,July,2019,6.13625192,26.25837174,34.67772657,58.31167435,90.6187404,0.321812596,12.82396313,56.77739713,24.1291361,40.45326662,1
Khammam,Hilly,August,2019,8.187557604,25.51321045,33.23195084,70.10015361,94.89569892,0.2760368664,10.86605223,48.37744028,21.49418787,34.93581407,1
Khammam,Hilly,September,2019,7.847454844,25.17411056,32.556185,76.78481117,96.15498084,0.09277504105,7.367487685,45.27129341,20.57133734,32.92131537,1
Karimnagar,Plain,July,2019,9.606653226,25.27903226,33.25423387,62.09133065,92.00423387,0.5762096774,15.31673387,46.40932615,21.39846185,33.903894,0
Karimnagar,Plain,August,2019,7.843346774,24.62379032,31.34254032,73.66350806,96.07278226,0.8439516129,13.02278226,41.44172453,20.56970828,31.0057164,0
Karimnagar,Plain,September,2019,10.34159483,23.85211925,31.62643678,76.91262572,97.98266882,0.2364224138,10.91530172,39.01984777,17.55947899,28.28966338,0
Nizamabad,Plain,October,2019,5.054949944,22.52344457,31.6850964,67.32188543,96.38443826,0.0213570634,4.506117909,44.64238096,21.55993966,33.10116031,0
Nizamabad,Plain,November,2019,0.4975862069,18.83816092,31.37954023,50.45850575,95.94747126,-0.004022988506,3.837701149,49.33690181,25.53693016,37.43691599,0
Nizamabad,Plain,December,2019,0.01635150167,17.54507786,29.18324064,49.85909158,92.85149425,0.009182530795,4.569764838,39.7155499,26.49068716,33.10311853,0
Khammam,Hilly,October,2019,4.055606759,24.4578085,33.74242192,69.16426011,96.65642601,0.055453149,6.108294931,56.90435839,23.04488397,39.97462118,1
Khammam,Hilly,November,2019,0.2955555556,21.5184127,33.29952381,56.28190476,96.51587302,0.01317460317,5.239206349,60.08055731,24.5547225,42.3176399,1
Khammam,Hilly,December,2019,0.1476190476,19.7968254,31.65796211,51.98883769,95.8437788,0.004984423676,6.069003115,51.73427174,25.14079375,38.43753275,1
Karimnagar,Plain,October,2019,8.025201613,22.83234207,32.56313844,70.58116599,98.58795363,0.01915322581,6.624193548,45.80183439,19.58377742,32.69280591,0
Karimnagar,Plain,November,2019,0.44,19.52729167,31.63375,52.62145833,98.3175,-0.00625,5.651666667,52.31451571,25.12610904,38.72031237,0
Karimnagar,Plain,December,2019,0.06552419355,17.95668683,29.56424731,50.31266869,95.93103159,0.008870967742,6.950403226,42.74027723,26.17511264,34.45769494,0
Nizamabad,Plain,January,2020,0.5858731924,17.74949944,29.36173526,50.54404894,92.1592881,0,5.786206897,39.84056655,26.1955087,33.01803763,0
Nizamabad,Plain,February,2020,0.02794292509,18.21890606,31.5020214,40.48870392,87.58561237,0,5.860404281,47.26321978,25.90062266,36.58192122,0
Nizamabad,Plain,March,2020,0.3464961068,21.56351502,34.93414905,36.15038932,85.41468298,0,5.87942158,61.0690552,24.79460032,42.93182776,1
Khammam,Hilly,January,2020,0.08202764977,20.53425499,31.91889401,52.3688172,96.91858679,0,6.297975078,53.73063849,24.93665213,39.33364531,1
Khammam,Hilly,February,2020,0.1921182266,20.8546798,33.53891626,47.16683087,95.99819376,0,8.221530249,62.04066925,25.01624846,43.52845885,1
Khammam,Hilly,March,2020,0.3102918587,23.08986175,35.97941628,47.12211982,94.87419355,0,7.149001536,74.84797977,25.03265739,49.94031858,1
Khammam,Hilly,April,2020,0.13,24.68793651,38.29809524,39.16142857,91.77873016,0,8.053015873,87.09741459,25.49708903,56.29725181,1
Khammam,Hilly,May,2020,0.3459293395,27.9734255,40.59892473,33.97557604,85.71059908,0,9.780491551,95.21467809,27.18646182,61.20056995,1
Khammam,Hilly,June,2020,5.86,27.04698413,36.84269841,52.88079365,90.53507937,0,10.96936508,68.09384849,24.98635652,46.5401025,1
Khammam,Hilly,July,2020,10.18049155,25.79137225,34.24480287,71.18205325,97.56973886,0.03748079877,7.849462366,50.65121504,20.31312118,35.48216811,1
Khammam,Hilly,August,2020,11.23917051,25.65286738,32.35238095,79.10960061,98.29126984,0.2010852713,8.426666667,40.27130316,18.34814212,29.30972264,0
Khammam,Hilly,September,2020,7.928253968,26.01936508,34.46714286,73.49666667,98.28174603,0.03942766296,6.060254372,55.43990075,21.88359824,38.6617495,1
Khammam,Hilly,October,2020,6.314439324,24.74193548,33.64193548,70.79723502,98.26897081,0.02554517134,4.995327103,53.35964852,21.78830956,37.57397904,1
Khammam,Hilly,November,2020,0.8185714286,21.83253968,33.00174603,57.12,96.33666667,0.01305732484,5.872611465,57.74883384,24.32846908,41.03865146,1
Khammam,Hilly,December,2020,0,18.30983103,32.36543779,47.22995392,96.50092166,0.008782742681,5.105546995,55.55207298,26.02083021,40.7864516,1
Karimnagar,Plain,January,2020,0.1633064516,18.41048387,29.45907258,53.22116935,93.30745968,0,8.996169355,41.93862881,25.72705562,33.83284222,0
Karimnagar,Plain,February,2020,0.549137931,18.82737069,31.22306034,46.98038793,91.24827586,0,9.263793103,47.96225392,25.62043151,36.79134271,0
Karimnagar,Plain,March,2020,0.6774193548,22.20483871,34.18971774,46.69717742,88.75040323,0,10.3108871,60.4211966,24.81871352,42.61995506,1
Karimnagar,Plain,April,2020,0.3935416667,23.71333333,37.62,33.24729167,79.05854167,0,9.821666667,70.47568935,24.96710562,47.72139749,1
Karimnagar,Plain,May,2020,0.5118951613,27.26310484,40.83467742,26.00846774,69.61532258,0,13.04556452,78.34341291,26.34935771,52.34638531,1
Karimnagar,Plain,June,2020,6.526875,26.05104167,35.39645833,53.66333333,87.60020833,0.4385416667,12.84229167,57.90241905,23.9857505,40.94408478,1
Karimnagar,Plain,July,2020,8.571572581,24.9625,33.24784946,71.26056788,97.05556116,0.1735887097,10.91431452,48.84317887,20.56557214,34.70437551,0
Karimnagar,Plain,August,2020,17.28125,24.66735551,30.62533602,80.05329301,96.88514785,0.5407258065,11.73024194,25.2959952,12.60458197,18.95028858,0
Karimnagar,Plain,September,2020,8.216666667,24.7025,33.065625,75.6625,97.83333333,0.08333333333,8.435416667,48.14937546,19.93248211,34.04092879,0
Karimnagar,Plain,October,2020,4.650604839,23.07641129,32.36673387,67.61955645,96.97560484,0.04737903226,6.430846774,49.23759194,21.94901401,35.59330297,0
Karimnagar,Plain,November,2020,0.04583333333,18.96270833,31.75895833,41.75395833,89.75166667,0.02625,6.972708333,49.61460918,25.60645924,37.61053421,0
Karimnagar,Plain,December,2020,0,15.60967742,30.54495968,35.36270161,92.09556452,0.001008064516,6.721572581,45.46368293,26.99871603,36.23119948,0
Nizamabad,Plain,April,2020,0.2998850575,24.02103448,38.65977011,23.37022989,71.24712644,0,6.733678161,67.94720688,24.65414782,46.30067735,1
Nizamabad,Plain,May,2020,0.3869855395,27.65806452,40.81423804,21.00978865,58.12424917,0,8.373414905,65.9314204,26.48571067,46.20856553,1
Nizamabad,Plain,June,2020,5.472068966,25.11586207,34.6708046,53.88494253,88.30781609,0.2506896552,9.183448276,55.35275029,23.80255967,39.57765498,0
Nizamabad,Plain,July,2020,6.085094549,24.3354264,32.43090286,70.72295884,95.09271413,0.2035595106,7.454282536,46.87590287,21.62416265,34.25003276,0
Nizamabad,Plain,August,2020,11.39410456,23.76262329,30.04232481,78.96771042,95.95364664,0.6419354839,7.611568409,29.97575839,16.42391883,23.19983861,0
Nizamabad,Plain,September,2020,6.825057471,23.98183908,32.67333333,72.76494253,96.73747126,0.05317185698,5.641291811,47.11619552,20.59161671,33.85390612,0
Nizamabad,Plain,October,2020,2.302224694,22.42269188,32.37975528,61.76318131,96.08020022,0.02906458797,4.49298441,51.8137296,23.46501777,37.63937368,0
Nizamabad,Plain,November,2020,0,17.43735632,31.78068966,40.18862069,91.43252874,0.05225433526,5.906011561,50.28801204,26.34030864,38.31416034,0
Nizamabad,Plain,December,2020,0,14.81779755,30.63392659,34.84949944,90.82447164,0.002237136465,5.10738255,44.89590907,27.51077723,36.20334315,0
Nizamabad,Plain,January,2021,0.02258064516,18.0894327,31.11657397,45.29243604,92.36028921,,,46.12716248,26.1385901,36.13287629,0
Nizamabad,Plain,February,2021,0.1311576355,16.03448276,31.81748768,31.74507389,87.15049261,,,46.66000635,26.03274454,36.34637544,0
Nizamabad,Plain,March,2021,0,20.21612903,35.83125695,24.2185762,76.18865406,,,57.63211847,23.85958623,40.74585235,1
Nizamabad,Plain,April,2021,0.1755172414,23.61954023,38.61954023,21.44206897,70.69218391,0.01528735632,7.005057471,67.48900202,24.40124395,45.94512298,1
Nizamabad,Plain,May,2021,0.6063096112,26.08283199,38.38701394,19.67784299,47.34402054,0.1639031548,6.396404989,49.19961966,25.48906207,37.34434087,0
Nizamabad,Plain,June,2021,8.825172414,24.20206897,33.47517241,55.32712644,91.64655172,0.1751724138,8.464022989,46.47814376,21.89779393,34.18796885,0
Nizamabad,Plain,July,2021,16.59510567,24.17341491,31.45016685,69.1894327,94.25072303,0.2074527253,8.745828699,28.13327309,15.64096354,21.88711831,0
Nizamabad,Plain,August,2021,6.239154616,23.92591769,31.31290323,69.06807564,95.17208009,0.07263626251,8.281423804,41.95021157,21.3966781,31.67344483,0
Nizamabad,Plain,September,2021,14.24218391,23.33747126,31.21977011,72.42965517,96.31735632,0.03390804598,7.098735632,30.34210914,15.84545912,23.09378413,0
Nizamabad,Plain,October,2021,1.891101224,21.07263626,32.59799778,52.91034483,96.02035595,0.004449388209,6.600556174,54.07216771,24.27276717,39.17246744,0
Nizamabad,Plain,November,2021,0.3289655172,19.8183908,31.50195402,49.40413793,93.29896552,0,0,47.84685982,25.18991218,36.518386,0
Nizamabad,Plain,December,2021,0.02680756396,15.83058954,30.2080089,41.11501669,93.60945495,0.01023359288,6.184538376,44.45227126,27.60498745,36.02862935,0
Khammam,Hilly,January,2021,0.001075268817,19.60092166,33.18463902,47.03947773,97.45391705,,,59.04256787,25.40057386,42.22157087,1
Khammam,Hilly,February,2021,0,19.19693878,34.1622449,40.17380952,96.78180272,,,64.07819493,25.457133,44.76766397,1
Khammam,Hilly,March,2021,0,21.67204301,36.74408602,37.24070661,96.28187404,,,79.56461334,24.89619,52.23040167,1
Khammam,Hilly,April,2021,0.496984127,24.56873016,38.95238095,38.81365079,93.00349206,0.02666666667,8.266825397,92.32748556,25.35692606,58.84220581,1
Khammam,Hilly,May,2021,1.435866261,26.48733536,39.05947315,27.40587639,59.95420466,0.02239108409,6.414387031,59.02978937,25.77180319,42.40079628,1
Khammam,Hilly,June,2021,4.892380952,26.14301587,35.54619048,54.71571429,93.9,0.03174603175,9.625555556,64.58064932,24.65741762,44.61903347,1
Khammam,Hilly,July,2021,13.00168971,25.15176651,33.24577573,70.69308756,98.04116743,0.02196620584,8.152380952,41.47588746,17.98230339,29.72909543,0
Khammam,Hilly,August,2021,6.161290323,25.44301075,34.00199693,67.90675883,97.98648233,0.03241167435,7.876958525,56.19129388,22.80425433,39.4977741,1
Khammam,Hilly,September,2021,9.528730159,25.19698413,33.2931746,73.58777778,99.4047619,0.01555555556,7.113968254,47.50845678,19.8208542,33.66465549,1
Khammam,Hilly,October,2021,1.77250384,24.38863287,34.82565284,61.28018433,99.4499232,0.01321044547,6.203993856,68.84824827,24.65151226,46.74988026,1
Khammam,Hilly,November,2021,1.487142857,22.8631746,32.67825397,66.5231746,99.06507937,0,0,54.94539763,23.55736992,39.25138377,1
Khammam,Hilly,December,2021,0.00599078341,18.24654378,32.21812596,49.32150538,98.23840246,0.001996927803,6.306451613,56.10696401,26.02620206,41.06658303,1
Karimnagar,Plain,January,2021,0.08447580645,18.42580645,30.99092742,45.05524194,94.98447581,,,46.61280804,25.92931573,36.27106188,0
Karimnagar,Plain,February,2021,0.03973214286,16.71986607,32.06026786,34.03883929,90.79397321,,,49.56192324,26.06499914,37.81346119,0
Karimnagar,Plain,March,2021,0,20.02197581,35.41995968,30.61108871,84.74314516,,,61.89319569,24.59167842,43.24243705,1
Karimnagar,Plain,April,2021,0.2725,23.74145833,38.05229167,29.33145833,82.00083333,0.06875,9.840416667,75.69085622,24.86283308,50.27684465,1
Karimnagar,Plain,May,2021,0.2405585106,26.52792553,38.84255319,20.76569149,49.65531915,0.1746010638,8.696542553,52.6980795,25.82378488,39.26093219,0
Karimnagar,Plain,June,2021,8.0575,25.00770833,34.19708333,55.12854167,93.25145833,0.1185416667,12.875625,52.99086527,22.54652538,37.76869532,0
Karimnagar,Plain,July,2021,12.74072581,24.9421371,32.04112903,71.32782258,96.20947581,0.1588709677,11.18387097,36.88127509,17.90489716,27.39308612,0
Karimnagar,Plain,August,2021,10.13055461,24.93186519,32.19500617,71.12490214,96.3235745,0.1567561641,10.75013481,41.27016058,19.57267328,30.42141693,0
Karimnagar,Plain,September,2021,11.91916667,24.35458333,31.886875,76.69270833,97.796875,0.09625,9.282083333,37.29893873,16.90491169,27.10192521,0
Karimnagar,Plain,October,2021,1.686491935,22.39778226,33.28306452,55.40020161,96.4641129,0.0185483871,6.24375,58.08829998,24.18717162,41.1377358,1
Karimnagar,Plain,November,2021,0.8185416667,20.96666667,31.95479167,51.89395833,94.29270833,0,0,49.74327444,24.66832973,37.20580209,0
Karimnagar,Plain,December,2021,0,16.71653226,30.62943548,41.33528226,94.74254032,0.008870967742,5.885282258,46.6456697,26.90963347,36.77765159,0
Nizamabad,Plain,January,2022,0.652057842,15.96829811,28.767297,48.29632925,94.3974416,0.01179087875,6.170300334,38.2317035,27.77018282,33.00094316,0
Nizamabad,Plain,February,2022,0,11.21428571,36.70357143,13.31071429,100,0,64.85714286,101.7661948,19.20893543,60.4875651,1
Nizamabad,Plain,March,2022,0.005561735261,20.88286986,36.57363737,28.17586207,81.64593993,0.006562847608,6.166852058,66.92449934,24.33976459,45.63213196,1
Nizamabad,Plain,April,2022,0.02149425287,25.02862069,40.23126437,24.40425287,72.41011494,0.04,6.602528736,77.19785433,25.17025195,51.18405314,1
Nizamabad,Plain,May,2022,0.99810901,27.00656285,40.16129032,27.41624027,67.73047831,0.05642458101,9.764581006,71.68178634,26.15667671,48.91923152,1
Nizamabad,Plain,June,2022,4.618735632,25.65448276,36.61344828,44.95114943,84.41632184,0.03425287356,10.26574713,63.86812137,24.64891695,44.25851916,1
Nizamabad,Plain,July,2022,30.97864294,23.26985539,30.11034483,77.07441602,98.61646274,0.2639599555,8.967074527,3.804536314,3.838090523,3.821313418,0
Nizamabad,Plain,August,2022,4.475083426,23.89521691,32.37541713,69.35494994,98.12369299,0.1419175028,8.621850613,50.70261667,22.35592459,36.52927063,0
Nizamabad,Plain,September,2022,10.04356322,23.09402299,32.55827586,70.06402299,98.75011494,0.06512702079,7.359006928,42.91541515,18.69076758,30.80309136,0
Khammam,Hilly,January,2022,0.9594470046,18.36912442,31.55576037,51.06743472,97.39201229,0.004301075269,6.952380952,51.07736822,25.67213692,38.37475257,1
Khammam,Hilly,February,2022,0,11.21428571,36.70357143,13.31071429,100,0,64.85714286,101.7661948,19.20893543,60.4875651,1
Khammam,Hilly,March,2022,0.02826420891,21.86113671,37.32596006,34.86374808,96.04347158,0.02488479263,7.044700461,85.14577727,24.80977838,54.97777782,1
Khammam,Hilly,April,2022,0.05761904762,25.43507937,38.91190476,40.3852381,95.33460317,0.0173015873,8.101111111,95.63657593,25.89109669,60.76383631,1
Khammam,Hilly,May,2022,0.9402457757,26.83563748,39.94439324,37.29631336,86.91848998,0.0961102107,11.53435981,91.83733643,26.38415369,59.11074506,1
Khammam,Hilly,June,2022,3.903333333,26.67793651,38.16809524,44.50793651,88.22222222,0.02645590682,11.02878536,76.97889492,25.50172431,51.24030962,1
Khammam,Hilly,July,2022,12.46144393,24.68709677,32.24347158,72.17296467,98.12549923,0.1140728477,9.920860927,38.29871333,17.72265574,28.01068453,0
Khammam,Hilly,August,2022,6.753149002,24.97465438,33.71551459,66.17619048,97.58079877,0.025,9.055483871,53.81938693,22.17896125,37.99917409,1
Khammam,Hilly,September,2022,5.199206349,24.62793651,33.58571429,69.69507937,98.82365079,0.01193277311,7.910756303,56.00743143,22.46451641,39.23597392,1
Karimnagar,Plain,January,2022,1.833266129,17.12197581,29.08629032,51.74556452,95.55967742,0.007862903226,6.558669355,38.37047069,26.37458842,32.37252955,0
Karimnagar,Plain,February,2022,0,11.21428571,36.70357143,13.31071429,100,0,64.85714286,101.7661948,19.20893543,60.4875651,1
Karimnagar,Plain,March,2022,0,21.40564516,36.43165323,33.30866935,89.35020161,0.05181451613,6.750806452,72.97086269,24.73360174,48.85223222,1
Karimnagar,Plain,April,2022,0.03083333333,25.025,39.10270833,34.44916667,83.81416667,0.175,8.195625,83.56593197,25.56257036,54.56425117,1
Karimnagar,Plain,May,2022,0.56875,27.49858871,40.26028226,29.69576613,72.26129032,0.1968487395,10.33109244,77.41827937,26.65117518,52.03472728,1
Karimnagar,Plain,June,2022,6.158125,26.75104167,37.42520833,42.64875,80.37791667,0.1083333333,11.9925,63.16061689,24.82099393,43.99080541,1
Karimnagar,Plain,July,2022,22.25826613,23.91068548,30.61048387,74.31935484,97.04616935,0.4266129032,10.82298387,18.11411927,10.64007717,14.37709822,0
Karimnagar,Plain,August,2022,5.436290323,24.87177419,32.29858871,68.38467742,95.69778226,0.1580645161,9.354637097,47.99778545,22.68991918,35.34385232,0
Karimnagar,Plain,September,2022,6.964791667,24.02729167,32.39041667,70.43966597,96.80854167,0.05669456067,8.288284519,46.33728471,20.86632891,33.60180681,0
ADILABAD,Hilly,January,2020,0.799462366,15.58691756,28.46827957,51.51810036,93.19193548,6.796167883,0,35.01661833,29.56899292,32.29280562,1
ADILABAD,Hilly,February,2020,0.134291188,16.52701149,31.29157088,39.10498084,83.79885057,7.786781609,0,43.17712428,28.36533278,35.77122853,1
ADILABAD,Hilly,March,2020,1.07688172,20.84139785,35.37741935,34.20412186,84.17293907,8.658243728,0,59.77705353,26.30970366,43.04337859,1
ADILABAD,Hilly,April,2020,0.560740741,24.32185185,38.9087037,24.0362963,66.05222222,8.426296296,0,62.59560638,26.33404491,44.46482564,1
ADILABAD,Hilly,May,2020,0.49139785,28.03637993,41.37401434,21.14551971,55.64390681,7.796236559,0,63.84012662,28.16888672,46.00450667,1
ADILABAD,Hilly,June,2020,4.806296296,25.67407407,35.26018519,51.79611111,87.57259259,8.382527881,0.234386617,56.28995299,26.27533539,41.28264419,1
ADILABAD,Hilly,July,2020,11.30842294,24.78736559,32.89874552,68.68530466,96.11818996,5.61702509,0.131003584,39.5964786,20.4419429,30.01921075,1
ADILABAD,Hilly,August,2020,8.288530466,24.18996416,29.9359319,76.91021505,95.47464158,5.278315412,0.291039427,31.56485788,20.48752406,26.02619097,0
ADILABAD,Hilly,September,2020,5.232037037,24.37351852,32.72888889,69.475,96.22037037,4.114694656,0.058778626,47.9851181,23.23678711,35.61095261,1
ADILABAD,Hilly,October,2020,2.048028674,22.23512545,32.5953405,58.82616487,94.14498208,0.088671875,4.266601563,52.1743251,23.80034887,37.98733699,1
ADILABAD,Hilly,November,2020,0.152037037,16.85981481,31.27055556,42.26685185,88.11,0.067635659,4.102325581,45.92289341,26.85572707,36.38931024,1
ADILABAD,Hilly,December,2020,0.000358423,13.22060932,30.33512545,35.88996416,86.93261649,0.044623656,3.901612903,41.99287899,29.24159382,35.61723641,1
ADILABAD,Hilly,January,2021,0.010035842,15.5453405,31.46021505,39.52455197,87.78978495,0.04390681,4.537634409,46.84797531,27.68297661,37.26547596,1
ADILABAD,Hilly,February,2021,0.082738095,14.43035714,32.2234127,25.8843254,74.94761905,0.095238095,5.866468254,44.43578258,25.30311524,34.86944891,1
ADILABAD,Hilly,March,2021,0.01702509,20.20609319,36.55268817,18.76648746,59.77956989,0.122043011,7.724551971,51.64068678,23.05932543,37.3500061,1
ADILABAD,Hilly,April,2021,0.301111111,24.27796296,38.80111111,19.11537037,57.31944444,0.143148148,9.020740741,57.81937531,24.55385454,41.18661492,1
ADILABAD,Hilly,May,2021,0.841725768,26.73368794,38.32044917,19.65425532,44.13262411,0.146217494,5.968321513,47.03018672,25.84051877,36.43535274,1
ADILABAD,Hilly,June,2021,10.62407407,24.50148148,33.50574074,54.86759259,89.47407407,0.095555556,6.043888889,42.53552955,21.29088201,31.91320578,1
ADILABAD,Hilly,July,2021,14.513,24.58261649,31.68835125,68.57311828,93.81541219,0.087096774,4.492293907,30.63437861,17.13678522,23.88558192,0
ADILABAD,Hilly,August,2021,8.47078853,24.23315412,31.52311828,67.29265233,94.28781362,0.071863799,5.01827957,38.56701454,20.58164644,29.57433049,0
ADILABAD,Hilly,September,2021,11.72555556,23.67611111,31.13222222,69.50444444,94.92925926,0.079814815,4.572222222,32.57063312,18.10520128,25.3379172,0
ADILABAD,Hilly,October,2021,2.116129032,20.57419355,32.09713262,53.20860215,93.34551971,0.001792115,4.084050179,49.26635722,24.2780364,36.77219681,1
ADILABAD,Hilly,November,2021,0.789247312,18.77544803,30.82491039,51.31272401,92.19283154,0,0.183691756,43.86783759,25.46294598,34.66539178,1
ADILABAD,Hilly,December,2021,0.26702509,13.99659498,29.11236559,42.940681,90.96810036,0.02311828,3.948028674,38.48207103,29.67987291,34.08097197,1
ADILABAD,Hilly,January,2019,0.13085554,12.20126227,29.28190743,33.55736325,83.5430575,0.082697947,7.25601173,38.16495307,29.620999,33.89297604,1
ADILABAD,Hilly,February,2019,0.018478261,16.93835404,33.29285714,27.53850932,71.90729814,0.067045455,10.35211039,47.87200878,24.79084392,36.33142635,1
ADILABAD,Hilly,March,2019,0.069424965,21.83211781,36.97265077,22.47798036,59.66381487,0.163782991,11.79589443,53.90270265,23.94990164,38.92630214,1
ADILABAD,Hilly,April,2019,0.219565217,26.9815942,40.8173913,17.35594203,50.24246377,0.164090909,12.8369697,60.46890469,26.01190464,43.24040467,1
ADILABAD,Hilly,May,2019,0.059607293,30.19032258,42.70687237,13.93800842,36.02987377,0.741521395,12.58716323,55.43983495,28.40898216,41.92440855,1
ADILABAD,Hilly,June,2019,4.580555556,28.32833333,39.62611111,33.60703704,70.77833333,0.784752475,11.99128713,68.06013252,26.50656865,47.28335058,1
ADILABAD,Hilly,July,2019,11.61810036,24.96792115,32.49695341,65.38781362,92.30107527,1.045155393,10.8749543,39.23210977,19.80113011,29.51661994,0
ADILABAD,Hilly,August,2019,8.233691756,24.14426523,30.26487455,73.6483871,96.3109319,0.520788531,10.23046595,35.80578509,19.82433827,27.81506168,0
ADILABAD,Hilly,September,2019,6.326628352,23.68860153,30.66072797,75.83170498,97.6605364,0.182375479,8.371264368,39.84013682,20.24101258,30.0405747,1
ADILABAD,Hilly,October,2019,2.746953405,22.06639785,31.5531362,66.6311828,98.05035842,0.040322581,6.891397849,48.74012615,22.6409419,35.69053402,1
ADILABAD,Hilly,November,2019,0.150185185,17.72351852,31.15537037,51.19166667,96.40092593,0.026296296,5.732407407,49.507547,26.29328229,37.90041465,1
ADILABAD,Hilly,December,2019,0.022939068,15.83548387,28.84229391,49.89130824,93.60528674,0.053942652,5.470250896,38.87971496,28.03352955,33.45662226,1
WARANGAL R,Plain,January,2019,0.587250384,15.02304147,30.0235023,41.45729647,93.90107527,0.070814132,7.940245776,43.56107062,28.33994252,35.95050657,0
WARANGAL R,Plain,February,2019,0.106632653,19.51938776,33.29778912,38.32908163,90.83112245,0.141496599,8.756122449,57.72740209,25.27355167,41.50047688,1
WARANGAL R,Plain,March,2019,0,20.9863866,34.97564338,35.3201041,89.36526703,0.288420562,9.50738397,65.6664978,24.89947458,45.28298619,1
WARANGAL R,Plain,April,2019,0.605873016,24.94952381,40.04444444,24.74698413,82.02349206,0.414603175,11.00031746,87.09279888,25.13827325,56.11553606,1
WARANGAL R,Plain,May,2019,0.296313364,28.42887865,42.00506912,21.92135177,69.58525346,0.324116744,11.31259601,84.28722035,27.11058074,55.69890055,1
WARANGAL R,Plain,June,2019,2.786666667,28.70979167,39.07770833,38.08625,73.64895833,0.571041667,12.178125,70.33187256,27.4090885,48.87048053,1
WARANGAL R,Plain,July,2019,7.840524194,25.3875,33.68689516,61.15927419,92.60100806,0.125,11.71169355,50.2176138,22.36826151,36.29293766,0
WARANGAL R,Plain,August,2019,10.11774194,25.02943548,32.04717742,74.26733871,96.96854839,0.156451613,9.915524194,40.60737339,19.19300436,29.90018887,0
WARANGAL R,Plain,September,2019,8.259267241,24.42327586,31.92898707,77.1450431,97.41422414,0.109482759,8.510560345,42.57641389,19.40316887,30.98979138,0
WARANGAL R,Plain,October,2019,7.491129032,23.73538306,32.99808468,71.11864919,98.11885081,0.090120968,6.896774194,48.6450454,20.27150894,34.45827717,0
WARANGAL R,Plain,November,2019,0.519583333,20.63604167,32.17458333,57.33020833,97.809375,0.011458333,5.587916667,54.66148462,24.46185025,39.56166743,0
WARANGAL R,Plain,December,2019,0.254233871,18.69667339,30.54052419,53.03840726,95.8515121,0.005443548,5.691330645,46.30396935,25.54985381,35.92691158,0
WARANGAL R,Plain,January,2020,0.010483871,19.07459677,30.58447581,53.12237903,94.79294355,8.289314516,0,44.82278784,27.20885737,36.0158226,0
WARANGAL R,Plain,February,2020,0.344181035,20.06982759,32.1575431,49.28491379,93.49418103,8.643965517,0,50.96895201,26.94733747,38.95814474,0
WARANGAL R,Plain,March,2020,0.341532258,22.91068548,34.97016129,48.21350806,91.70100806,9.85625,0,64.28008111,27.08276382,45.68142246,1
WARANGAL R,Plain,April,2020,0.619791667,24.39166667,37.758125,36.77208333,87.22354167,9.923541667,0,75.8972088,27.21060878,51.55390879,1
WARANGAL R,Plain,May,2020,0.98891129,27.39979839,40.28891129,31.24778226,79.18064516,11.92439516,0,81.76660419,28.85537605,55.31099012,1
WARANGAL R,Plain,June,2020,5.944791667,26.294375,35.665625,54.69229167,89.28104167,11.19270833,0.18,57.73386349,26.80325561,42.26855955,1
WARANGAL R,Plain,July,2020,8.960282258,25.10584677,33.30010081,71.56693548,97.19677419,7.266129032,0.073185484,45.4924726,22.14419428,33.81833344,0
WARANGAL R,Plain,August,2020,27.45383065,24.771875,30.71875,79.29364919,97.45413306,8.740246407,0.158521561,8.164348803,7.475797952,7.820073378,0
WARANGAL R,Plain,September,2020,7.604166667,25.13583333,33.44479167,72.86270833,97.69666667,7.219620253,0.051476793,48.57527544,22.90088411,35.73807977,0
WARANGAL R,Plain,October,2020,5.807258065,23.80806452,32.75685484,67.56370968,97.54435484,0.122427984,6.445884774,49.66828763,21.7562321,35.71225986,0
WARANGAL R,Plain,November,2020,0.5075,19.42291667,31.61583333,50.58708333,94.89604167,0.097916667,7.260416667,50.89230532,25.27368315,38.08299423,0
WARANGAL R,Plain,December,2020,0,15.50645161,30.96471774,41.25947581,96.0358871,0.015120968,6.759072581,48.9500752,27.91535136,38.43271328,0
WARANGAL R,Plain,January,2021,0,18.25544355,31.87116935,44.89153226,96.95544355,,,51.86155671,26.03916441,38.95036056,0
WARANGAL R,Plain,February,2021,0.222321429,17.19866071,32.65357143,35.97209821,95.33236607,,,54.59568622,26.03946786,40.31757704,1
WARANGAL R,Plain,March,2021,0,18.68159092,33.45473283,37.47362249,94.64694023,,,58.68007165,25.50318679,42.09162922,1
WARANGAL R,Plain,April,2021,1.547291667,23.6275,37.385625,35.44104167,89.000625,0.133333333,10.84333333,76.88589799,24.79979294,50.84284546,1
WARANGAL R,Plain,May,2021,0.511968085,26.17433511,38.44135638,23.23138298,54.72832447,0.35,9.336968085,54.66262248,25.69447821,40.17855034,1
WARANGAL R,Plain,June,2021,9.5225,24.86291667,34.04041667,58.22520833,94.36875,0.140208333,10.101875,49.75910619,21.5322782,35.64569219,0
WARANGAL R,Plain,July,2021,14.36,24.72318548,31.74052419,72.59697581,96.41451613,0.106653226,8.596572581,32.63105334,16.45031391,24.54068362,0
WARANGAL R,Plain,August,2021,6.302620968,24.81915323,32.68870968,67.54455645,96.24294355,0.068548387,8.575,48.58368181,22.19267523,35.38817852,0
WARANGAL R,Plain,September,2021,11.48229167,24.16541667,31.8275,73.19604167,98.62291667,0.130416667,7.495208333,37.40240165,17.77954252,27.59097208,0
WARANGAL R,Plain,October,2021,1.230024814,22.81836228,33.23399504,56.7280397,97.51960298,0.0382134,6.090322581,59.1492127,24.37261806,41.76091538,1
WARANGAL R,Plain,November,2021,1.548461538,21.11871795,31.65025641,58.34461538,97.06487179,0,0,48.57153791,23.95958816,36.26556303,0
WARANGAL R,Plain,December,2021,0,16.54615385,30.61513648,43.5719603,96.74317618,0.016377171,5.838709677,47.39075142,27.19233609,37.29154376,0
WARANGAL U,Plain,February,2019,0.039732143,19.82053571,33.09709821,38.26473214,88.56763393,0.162857143,7.865238095,55.25849379,25.20168732,40.23009055,1
WARANGAL U,Plain,March,2019,0.003629032,22.37903226,36.09798387,31.46612903,86.30362903,0.474408602,9.600430108,69.24258337,24.78672334,47.01465336,1
WARANGAL U,Plain,April,2019,0.925625,24.77458333,39.49208333,24.81666667,80.60895833,0.292,10.66133333,81.64635083,24.99844,53.32239542,1
WARANGAL U,Plain,May,2019,0.14516129,28.50806452,41.84455645,19.88870968,65.65141129,0.152258065,11.28322581,79.12631113,27.10554374,53.11592743,1
WARANGAL U,Plain,June,2019,3.02030303,28.48757576,38.98333333,36.12242424,72.06575758,0.443333333,12.6569697,68.30139939,27.04512085,47.67326012,1
WARANGAL U,Plain,July,2019,8.634604106,25.34281525,33.74604106,62.54662757,92.79002933,0.156891496,11.52082111,49.35429544,21.80595512,35.58012528,0
WARANGAL U,Plain,August,2019,9.048952568,25.1865927,32.90650958,68.41017076,94.80598833,0.193055478,10.55596021,45.45541511,20.82428522,33.13985017,0
WARANGAL U,Plain,September,2019,7.935109718,24.50579937,32.45658307,77.31677116,98.20031348,0.069592476,8.500940439,45.80406333,19.676734,32.74039866,0
WARANGAL U,Plain,October,2019,9.021994135,23.55527859,33.24633431,73.51788856,99.00175953,0.009384164,6.056304985,47.61257191,18.81467731,33.21362461,0
WARANGAL U,Plain,November,2019,0.867878788,20.55575758,32.24090909,56.4569697,98.34727273,0.002727273,5.500606061,54.74844403,24.42827651,39.58836027,0
WARANGAL U,Plain,December,2019,0.025513196,21.08329491,31.84816296,60.86304227,98.05330279,0.006718059,6.111890445,54.00769866,24.29868771,39.15319318,0
WARANGAL U,Plain,January,2020,0.006158358,19.66979472,30.02228739,52.97067449,95.50938416,8.497360704,0,42.66803174,27.01614864,34.84209019,0
WARANGAL U,Plain,February,2020,0.598432602,20.38996865,31.58965517,46.41818182,94.14890282,9.206269592,0,48.27276167,26.9534774,37.61311953,0
WARANGAL U,Plain,March,2020,0.829912024,23.03577713,34.46158358,44.90381232,91.34633431,10.69032258,0,60.53650499,27.13206671,43.83428585,1
WARANGAL U,Plain,April,2020,0.7,24.50878788,37.55969697,32.84454545,84.47818182,10.70090909,,72.01265168,27.24202171,49.62733669,1
WARANGAL U,Plain,May,2020,0.458064516,27.56568915,40.21876833,27.65894428,78.05865103,12.51085044,,80.91167956,29.01342085,54.9625502,1
WARANGAL U,Plain,June,2020,7.048484848,26.80818182,35.83636364,54.43424242,89.12636364,12.17757576,0.203636364,56.83072101,26.93967533,41.88519817,1
WARANGAL U,Plain,July,2020,8.869501466,25.27375367,33.76627566,72.09530792,97.73049853,9.700293255,0.023753666,48.19227311,22.90205912,35.54716612,0
WARANGAL U,Plain,August,2020,24.85659824,24.81920821,31.00146628,79.25454545,97.32683284,9.83313783,0.138123167,12.6746272,9.707640801,11.191134,0
WARANGAL U,Plain,September,2020,7.825454545,25.02515152,33.81454545,74.31242424,97.74545455,7.905151515,0.036060606,50.13713679,22.64986571,36.39350125,0
WARANGAL U,Plain,October,2020,6.02170088,23.6085044,32.871261,68.84369501,97.05865103,0.030088496,6.911504425,49.80722363,21.33746614,35.57234489,0
WARANGAL U,Plain,November,2020,0.190606061,19.61818182,32.13939394,49.85787879,93.53787879,0.016107383,6.681543624,52.97106314,25.28570457,39.12838386,0
WARANGAL U,Plain,December,2020,0,16.35571848,31.18621701,42.21085044,95.33108504,0,6.561676647,49.60214804,27.25691464,38.42953134,0
WARANGAL U,Plain,January,2021,0.002346041,18.88475073,31.8457478,43.29618768,94.86334311,,,50.6588786,25.6852195,38.17204905,0
WARANGAL U,Plain,February,2021,0.221753247,17.49220779,32.64415584,34.83603896,92.17272727,,,52.76220576,25.7501386,39.25617218,0
WARANGAL U,Plain,March,2021,0,21.01348974,35.94193548,30.11290323,86.23841642,,,65.75566721,24.50753763,45.13160242,1
WARANGAL U,Plain,April,2021,0.822727273,23.97636364,37.59666667,35.06181818,85.73424242,0.024545455,8.918181818,75.63152208,25.00979311,50.3206576,1
WARANGAL U,Plain,May,2021,0.864216634,26.45783366,38.22572534,23.86324952,53.71953578,0.093230174,8.099806576,52.72903342,25.77221749,39.25062546,0
WARANGAL U,Plain,June,2021,9.665757576,24.78575758,33.86212121,57.67666667,93.0530303,0.031818182,11.02454545,48.3398551,21.46801688,34.90393599,0
WARANGAL U,Plain,July,2021,12.50762463,24.6744868,31.95718475,70.54868035,95.13079179,0.052492669,9.842228739,36.2396823,17.98028529,27.1099838,0
WARANGAL U,Plain,August,2021,9.2123,24.84780059,32.4914956,68.17008798,96.32991202,0.003519062,8.139589443,43.22297869,20.44188049,31.83242959,0
WARANGAL U,Plain,September,2021,10.08272727,24.25545455,31.86363636,75.02454545,98.74060606,0.014545455,6.649090909,39.45966576,18.36286243,28.9112641,0
WARANGAL U,Plain,October,2021,1.230024814,22.81836228,33.23399504,56.7280397,97.51960298,0.0382134,6.090322581,59.1492127,24.37261806,41.76091538,1
WARANGAL U,Plain,November,2021,1.548461538,21.11871795,31.65025641,58.34461538,97.06487179,0,0,48.57153791,23.95958816,36.26556303,0
WARANGAL U,Plain,December,2021,0,16.54615385,30.61513648,43.5719603,96.74317618,0.016377171,5.838709677,47.39075142,27.19233609,37.29154376,0
ADILABAD,Hilly,January,2022,1.227777778,13.93888889,27.50663082,49.81487455,92.7188172,0.04802867384,3.894802867,32.31669502,30.16258898,31.239642,1
ADILABAD,Hilly,February,2022,0.02658730159,11.21428571,36.70357143,13.31071429,100,0,64.85714286,101.7159481,19.20857535,60.46226171,1
ADILABAD,Hilly,March,2022,0.005376344086,20.31308244,37.09659498,21.52150538,67.26756272,0.01093189964,5.238530466,57.93372723,23.49649089,40.71510906,1
ADILABAD,Hilly,April,2022,0.3561111111,25.97166667,40.54740741,21.98018519,63.39407407,0.08981481481,6.488703704,69.24137033,25.51657765,47.37897399,1
ADILABAD,Hilly,May,2022,0.8903225806,28.01845878,40.64336918,26.13530466,62.5046595,0.1252688172,8.694444444,68.77403423,26.80852811,47.79128117,1
ADILABAD,Hilly,June,2022,5.770740741,26.72388889,36.71648148,47.0412963,80.08888889,0.1057407407,8.53537037,59.19795668,24.86468944,42.03132306,1
ADILABAD,Hilly,July,2022,27.96129032,23.6953405,29.63924731,81.9874552,98.73888889,0.2656716418,5.90130597,5.845784544,3.446083562,4.645934053,0
ADILABAD,Hilly,August,2022,6.635125448,24.38315412,32.11021505,74.87580645,98.4078853,0.2362799263,8.539042357,46.22639233,20.8198924,33.52314236,1
ADILABAD,Hilly,September,2022,7.857222222,24.38722222,32.75222222,75.79425926,99.22851852,0.164727955,7.962288931,47.64032015,19.86423127,33.75227571,1
WARANGAL R,Plain,January,2022,4.096029777,16.80769231,29.23995037,51.44193548,96.62630273,0.03771712159,6.560297767,36.33153389,26.20596333,31.26874861,0
WARANGAL R,Plain,February,2022,0,11.21428571,36.70357143,13.31071429,100,0,64.85714286,101.7661948,19.20893544,60.4875651,1
WARANGAL R,Plain,March,2022,0.001985111663,21.4,35.88287841,34.11935484,94.12952854,0.02655086849,7.452605459,74.19274821,24.77153519,49.4821417,1
WARANGAL R,Plain,April,2022,6.635128205,26.3025641,36.94794872,44.36358974,83.69435897,0.03307692308,9.724871795,61.94286663,24.34043542,43.14165102,1
WARANGAL R,Plain,May,2022,0.3126550868,26.95359801,39.71290323,31.25483871,79.15583127,0.1062034739,9.79528536,82.03601188,26.39348233,54.2147471,1
WARANGAL R,Plain,June,2022,6.635128205,26.3025641,36.94794872,44.36358974,83.69435897,0.03307692308,9.724871795,61.94286663,24.34043542,43.14165102,1
WARANGAL R,Plain,July,2022,16.3719603,24.00049628,30.65310174,74.67791563,98.82332506,0.2336658354,8.255610973,25.78167455,14.25686671,20.01927063,0
WARANGAL R,Plain,August,2022,6.668486352,24.33771712,32.43052109,66.79677419,98.34689826,0.171679198,8.541854637,47.69447118,21.72663622,34.7105537,0
WARANGAL R,Plain,September,2022,6.728974359,23.81384615,32.36205128,69.41871795,99.33153846,0.06205128205,8.053589744,47.54799215,20.99920381,34.27359798,0
WARANGAL U,Plain,January,2022,4.096029777,16.80769231,29.23995037,51.44193548,96.62630273,0.03771712159,6.560297767,36.33153389,26.20596333,31.26874861,0
WARANGAL U,Plain,February,2022,0,11.21428571,36.70357143,13.31071429,100,0,64.85714286,101.7661948,19.20893544,60.4875651,1
WARANGAL U,Plain,March,2022,0.001985111663,21.4,35.88287841,34.11935484,94.12952854,0.02655086849,7.452605459,74.19274821,24.77153519,49.4821417,1
WARANGAL U,Plain,April,2022,6.635128205,26.3025641,36.94794872,44.36358974,83.69435897,0.03307692308,9.724871795,61.94286663,24.34043542,43.14165102,1
WARANGAL U,Plain,May,2022,0.3126550868,26.95359801,39.71290323,31.25483871,79.15583127,0.1062034739,9.79528536,82.03601188,26.39348233,54.2147471,1
WARANGAL U,Plain,June,2022,6.635128205,26.3025641,36.94794872,44.36358974,83.69435897,0.03307692308,9.724871795,61.94286663,24.34043542,43.14165102,1
WARANGAL U,Plain,July,2022,16.3719603,24.00049628,30.65310174,74.67791563,98.82332506,0.2336658354,8.255610973,25.78167455,14.25686671,20.01927063,0
WARANGAL U,Plain,August,2022,6.668486352,24.33771712,32.43052109,66.79677419,98.34689826,0.171679198,8.541854637,47.69447118,21.72663622,34.7105537,0
WARANGAL U,Plain,September,2022,6.728974359,23.81384615,32.36205128,69.41871795,99.33153846,0.06205128205,8.053589744,47.54799215,20.99920381,34.27359798,0